azureaianomalydetector,[customSource=https://pkgs.dev.azure.com/azure-sdk/public/_packaging/azure-sdk-for-net/nuget/v3/index.json;tfm=netstandard2.0;isPrerelease=true]Azure.AI.AnomalyDetector,3.0.0-alpha.20230918.1
azureaicontentsafety,[tfm=netstandard2.0;isPrerelease=true]Azure.AI.ContentSafety,1.0.0-beta.1
azureaiformrecognizer,[tfm=netstandard2.0;isPrerelease=true]Azure.AI.FormRecognizer,4.1.0-beta.1
azureailanguageconversations,[customSource=https://pkgs.dev.azure.com/azure-sdk/public/_packaging/azure-sdk-for-net/nuget/v3/index.json;tfm=netstandard2.0;isPrerelease=true]Azure.AI.Language.Conversations,1.2.0-alpha.20230918.1
azureailanguagequestionanswering,[customSource=https://pkgs.dev.azure.com/azure-sdk/public/_packaging/azure-sdk-for-net/nuget/v3/index.json;tfm=netstandard2.0;isPrerelease=true]Azure.AI.Language.QuestionAnswering,1.2.0-alpha.20230918.1
azureaimetricsadvisor,[tfm=netstandard2.0;isPrerelease=true;customSource=https://pkgs.dev.azure.com/azure-sdk/public/_packaging/azure-sdk-for-net/nuget/v3/index.json]Azure.AI.MetricsAdvisor,1.2.0-alpha.20230918.1
azureaiopenai,[tfm=netstandard2.0;isPrerelease=true]Azure.AI.OpenAI,1.0.0-beta.7
azureaipersonalizer,[customSource=https://pkgs.dev.azure.com/azure-sdk/public/_packaging/azure-sdk-for-net/nuget/v3/index.json;tfm=netstandard2.0;isPrerelease=true]Azure.AI.Personalizer,2.0.0-alpha.20230918.1
azureaitextanalytics,[customSource=https://pkgs.dev.azure.com/azure-sdk/public/_packaging/azure-sdk-for-net/nuget/v3/index.json;tfm=netstandard2.0;isPrerelease=true]Azure.AI.TextAnalytics,5.4.0-alpha.20230918.1
azureaitranslationdocument,[customSource=https://pkgs.dev.azure.com/azure-sdk/public/_packaging/azure-sdk-for-net/nuget/v3/index.json;tfm=netstandard2.0;isPrerelease=true]Azure.AI.Translation.Document,1.1.0-alpha.20230918.1
azureaitranslationtext,[tfm=netstandard2.0;isPrerelease=true;customSource=https://pkgs.dev.azure.com/azure-sdk/public/_packaging/azure-sdk-for-net/nuget/v3/index.json]Azure.AI.Translation.Text,1.0.0-alpha.20230918.1
azureaivisioncommon,[isPrerelease=true;tfm=netstandard2.0]Azure.AI.Vision.Common,0.15.1-beta.1
azureaivisioncore,[tfm=netstandard2.0;isPrerelease=true]Azure.AI.Vision.Core,0.10.0-beta.1
azureaivisionimageanalysis,[tfm=netstandard2.0;isPrerelease=true]Azure.AI.Vision.ImageAnalysis,0.15.1-beta.1
azureanalyticspurviewaccount,[customSource=https://pkgs.dev.azure.com/azure-sdk/public/_packaging/azure-sdk-for-net/nuget/v3/index.json;tfm=netstandard2.0;isPrerelease=true]Azure.Analytics.Purview.Account,1.0.0-alpha.20230918.1
azureanalyticspurviewadministration,[customSource=https://pkgs.dev.azure.com/azure-sdk/public/_packaging/azure-sdk-for-net/nuget/v3/index.json;tfm=netstandard2.0;isPrerelease=true]Azure.Analytics.Purview.Administration,1.0.0-alpha.20230918.1
azureanalyticspurviewcatalog,[customSource=https://pkgs.dev.azure.com/azure-sdk/public/_packaging/azure-sdk-for-net/nuget/v3/index.json;tfm=netstandard2.0;isPrerelease=true]Azure.Analytics.Purview.Catalog,1.0.0-alpha.20230918.1
azureanalyticspurviewscanning,[customSource=https://pkgs.dev.azure.com/azure-sdk/public/_packaging/azure-sdk-for-net/nuget/v3/index.json;tfm=netstandard2.0;isPrerelease=true]Azure.Analytics.Purview.Scanning,1.0.0-alpha.20230918.1
azureanalyticspurviewsharing,[tfm=netstandard2.0;isPrerelease=true;customSource=https://pkgs.dev.azure.com/azure-sdk/public/_packaging/azure-sdk-for-net/nuget/v3/index.json]Azure.Analytics.Purview.Sharing,1.0.0-alpha.20230918.1
azureanalyticspurviewworkflows,[tfm=netstandard2.0;isPrerelease=true;customSource=https://pkgs.dev.azure.com/azure-sdk/public/_packaging/azure-sdk-for-net/nuget/v3/index.json]Azure.Analytics.Purview.Workflows,1.0.0-alpha.20230918.1
azureanalyticssynapseaccesscontrol,[tfm=netstandard2.0;isPrerelease=true]Azure.Analytics.Synapse.AccessControl,1.0.0-preview.5
azureanalyticssynapseartifacts,[tfm=netstandard2.0;isPrerelease=true]Azure.Analytics.Synapse.Artifacts,1.0.0-preview.18
azureanalyticssynapsemanagedprivateendpoints,[tfm=netstandard2.0;isPrerelease=true]Azure.Analytics.Synapse.ManagedPrivateEndpoints,1.0.0-beta.5
azureanalyticssynapsemonitoring,[tfm=netstandard2.0;isPrerelease=true]Azure.Analytics.Synapse.Monitoring,1.0.0-beta.3
azureanalyticssynapsespark,[tfm=netstandard2.0;isPrerelease=true]Azure.Analytics.Synapse.Spark,1.0.0-preview.8
azurecommunicationalphaids,[tfm=netstandard2.0;isPrerelease=true;customSource=https://pkgs.dev.azure.com/azure-sdk/public/_packaging/azure-sdk-for-net/nuget/v3/index.json]Azure.Communication.AlphaIds,1.0.0-alpha.20230918.1
azurecommunicationcallautomation,[customSource=https://pkgs.dev.azure.com/azure-sdk/public/_packaging/azure-sdk-for-net/nuget/v3/index.json;tfm=netstandard2.0;isPrerelease=true]Azure.Communication.CallAutomation,1.1.0-alpha.20230918.1
azurecommunicationcallingserver,[customSource=https://pkgs.dev.azure.com/azure-sdk/public/_packaging/azure-sdk-for-net/nuget/v3/index.json;tfm=netstandard2.0;isPrerelease=true]Azure.Communication.CallingServer,1.0.0-alpha.20230918.1
azurecommunicationchat,[tfm=netstandard2.0;isPrerelease=true;customSource=https://pkgs.dev.azure.com/azure-sdk/public/_packaging/azure-sdk-for-net/nuget/v3/index.json]Azure.Communication.Chat,1.2.0-alpha.20230918.1
azurecommunicationcommon,[tfm=netstandard2.0;isPrerelease=true;customSource=https://pkgs.dev.azure.com/azure-sdk/public/_packaging/azure-sdk-for-net/nuget/v3/index.json]Azure.Communication.Common,2.0.0-alpha.20230918.1
azurecommunicationemail,[customSource=https://pkgs.dev.azure.com/azure-sdk/public/_packaging/azure-sdk-for-net/nuget/v3/index.json;tfm=netstandard2.0;isPrerelease=true]Azure.Communication.Email,1.1.0-alpha.20230918.1
azurecommunicationidentity,[customSource=https://pkgs.dev.azure.com/azure-sdk/public/_packaging/azure-sdk-for-net/nuget/v3/index.json;tfm=netstandard2.0;isPrerelease=true]Azure.Communication.Identity,1.3.0-alpha.20230918.1
azurecommunicationjobrouter,[tfm=netstandard2.0;isPrerelease=true;customSource=https://pkgs.dev.azure.com/azure-sdk/public/_packaging/azure-sdk-for-net/nuget/v3/index.json]Azure.Communication.JobRouter,1.0.0-alpha.20230918.1
azurecommunicationmediacomposition,[tfm=netstandard2.0;isPrerelease=true;customSource=https://pkgs.dev.azure.com/azure-sdk/public/_packaging/azure-sdk-for-net/nuget/v3/index.json]Azure.Communication.MediaComposition,1.0.0-alpha.20230918.1
azurecommunicationnetworktraversal,[customSource=https://pkgs.dev.azure.com/azure-sdk/public/_packaging/azure-sdk-for-net/nuget/v3/index.json;tfm=netstandard2.0;isPrerelease=true]Azure.Communication.NetworkTraversal,1.1.0-alpha.20230918.1
azurecommunicationphonenumbers,[customSource=https://pkgs.dev.azure.com/azure-sdk/public/_packaging/azure-sdk-for-net/nuget/v3/index.json;tfm=netstandard2.0;isPrerelease=true]Azure.Communication.PhoneNumbers,1.2.0-alpha.20230918.1
azurecommunicationrooms,[customSource=https://pkgs.dev.azure.com/azure-sdk/public/_packaging/azure-sdk-for-net/nuget/v3/index.json;tfm=netstandard2.0;isPrerelease=true]Azure.Communication.Rooms,1.1.0-alpha.20230918.1
azurecommunicationshortcodes,[tfm=netstandard2.0;isPrerelease=true;customSource=https://pkgs.dev.azure.com/azure-sdk/public/_packaging/azure-sdk-for-net/nuget/v3/index.json]Azure.Communication.ShortCodes,1.0.0-alpha.20230918.1
azurecommunicationsms,[tfm=netstandard2.0;isPrerelease=true;customSource=https://pkgs.dev.azure.com/azure-sdk/public/_packaging/azure-sdk-for-net/nuget/v3/index.json]Azure.Communication.Sms,1.0.2-alpha.20230918.1
azurecontainerscontainerregistry,[customSource=https://pkgs.dev.azure.com/azure-sdk/public/_packaging/azure-sdk-for-net/nuget/v3/index.json;tfm=netstandard2.0;isPrerelease=true]Azure.Containers.ContainerRegistry,1.2.0-alpha.20230918.1
azurecore,[tfm=netstandard2.0;isPrerelease=true;customSource=https://pkgs.dev.azure.com/azure-sdk/public/_packaging/azure-sdk-for-net/nuget/v3/index.json]Azure.Core,1.36.0-alpha.20230918.2
azurecoreamqp,[tfm=netstandard2.0;isPrerelease=true;customSource=https://pkgs.dev.azure.com/azure-sdk/public/_packaging/azure-sdk-for-net/nuget/v3/index.json]Azure.Core.Amqp,1.4.0-alpha.20230918.2
azurecoreexperimental,[customSource=https://pkgs.dev.azure.com/azure-sdk/public/_packaging/azure-sdk-for-net/nuget/v3/index.json;tfm=netstandard2.0;isPrerelease=true]Azure.Core.Experimental,0.1.0-alpha.20230918.2
azurecoreexpressionsdatafactory,[customSource=https://pkgs.dev.azure.com/azure-sdk/public/_packaging/azure-sdk-for-net/nuget/v3/index.json;tfm=netstandard2.0;isPrerelease=true]Azure.Core.Expressions.DataFactory,1.0.0-alpha.20230918.2
azurecosmos,[tfm=netstandard2.0;isPrerelease=true]Azure.Cosmos,4.0.0-preview3
azuredataappconfiguration,[customSource=https://pkgs.dev.azure.com/azure-sdk/public/_packaging/azure-sdk-for-net/nuget/v3/index.json;tfm=netstandard2.0;isPrerelease=true]Azure.Data.AppConfiguration,1.3.0-alpha.20230918.1
azuredataschemaregistry,[customSource=https://pkgs.dev.azure.com/azure-sdk/public/_packaging/azure-sdk-for-net/nuget/v3/index.json;tfm=netstandard2.0;isPrerelease=true]Azure.Data.SchemaRegistry,1.4.0-alpha.20230918.1
azuredatatables,[customSource=https://pkgs.dev.azure.com/azure-sdk/public/_packaging/azure-sdk-for-net/nuget/v3/index.json;tfm=netstandard2.0;isPrerelease=true]Azure.Data.Tables,12.9.0-alpha.20230918.1
azuredeveloperdevcenter,[customSource=https://pkgs.dev.azure.com/azure-sdk/public/_packaging/azure-sdk-for-net/nuget/v3/index.json;tfm=netstandard2.0;isPrerelease=true]Azure.Developer.DevCenter,1.0.0-alpha.20230918.1
azuredeveloperloadtesting,[tfm=netstandard2.0;isPrerelease=true]Azure.Developer.LoadTesting,1.0.0-beta.2
azuredigitaltwinscore,[customSource=https://pkgs.dev.azure.com/azure-sdk/public/_packaging/azure-sdk-for-net/nuget/v3/index.json;tfm=netstandard2.0;isPrerelease=true]Azure.DigitalTwins.Core,1.5.0-alpha.20230918.1
azureextensionsaspnetcoreconfigurationsecrets,[tfm=netstandard2.0;isPrerelease=true;customSource=https://pkgs.dev.azure.com/azure-sdk/public/_packaging/azure-sdk-for-net/nuget/v3/index.json]Azure.Extensions.AspNetCore.Configuration.Secrets,1.3.0-alpha.20230918.1
azureextensionsaspnetcoredataprotectionblobs,[tfm=netstandard2.0;isPrerelease=true;customSource=https://pkgs.dev.azure.com/azure-sdk/public/_packaging/azure-sdk-for-net/nuget/v3/index.json]Azure.Extensions.AspNetCore.DataProtection.Blobs,1.4.0-alpha.20230918.1
azureextensionsaspnetcoredataprotectionkeys,[tfm=netstandard2.0;isPrerelease=true;customSource=https://pkgs.dev.azure.com/azure-sdk/public/_packaging/azure-sdk-for-net/nuget/v3/index.json]Azure.Extensions.AspNetCore.DataProtection.Keys,1.3.0-alpha.20230918.1
azurehealthinsightscancerprofiling,[tfm=netstandard2.0;isPrerelease=true;customSource=https://pkgs.dev.azure.com/azure-sdk/public/_packaging/azure-sdk-for-net/nuget/v3/index.json]Azure.Health.Insights.CancerProfiling,1.0.0-alpha.20230918.1
azurehealthinsightsclinicalmatching,[tfm=netstandard2.0;isPrerelease=true;customSource=https://pkgs.dev.azure.com/azure-sdk/public/_packaging/azure-sdk-for-net/nuget/v3/index.json]Azure.Health.Insights.ClinicalMatching,1.0.0-alpha.20230918.1
azureidentity,[customSource=https://pkgs.dev.azure.com/azure-sdk/public/_packaging/azure-sdk-for-net/nuget/v3/index.json;tfm=netstandard2.0;isPrerelease=true]Azure.Identity,1.10.1-alpha.20230918.1
azureidentitybrokeredauthentication,[customSource=https://pkgs.dev.azure.com/azure-sdk/public/_packaging/azure-sdk-for-net/nuget/v3/index.json;tfm=netstandard2.0;isPrerelease=true]Azure.Identity.BrokeredAuthentication,1.0.0-alpha.20230918.1
azureiotdeviceupdate,[customSource=https://pkgs.dev.azure.com/azure-sdk/public/_packaging/azure-sdk-for-net/nuget/v3/index.json;tfm=netstandard2.0;isPrerelease=true]Azure.IoT.DeviceUpdate,1.1.0-alpha.20230918.1
azureiotmodelsrepository,[tfm=netstandard2.0;isPrerelease=true]Azure.IoT.ModelsRepository,1.0.0-preview.5
azureiottimeseriesinsights,[tfm=netstandard2.0;isPrerelease=true;customSource=https://pkgs.dev.azure.com/azure-sdk/public/_packaging/azure-sdk-for-net/nuget/v3/index.json]Azure.IoT.TimeSeriesInsights,1.0.0-alpha.20230918.1
azuremapscommon,[tfm=netstandard2.0;isPrerelease=true]Azure.Maps.Common,1.0.0-beta.4
azuremapsgeolocation,[tfm=netstandard2.0;isPrerelease=true]Azure.Maps.Geolocation,1.0.0-beta.2
azuremapsrendering,[tfm=netstandard2.0;isPrerelease=true]Azure.Maps.Rendering,1.0.0-beta.2
azuremapsrouting,[tfm=netstandard2.0;isPrerelease=true]Azure.Maps.Routing,1.0.0-beta.2
azuremapssearch,[tfm=netstandard2.0;isPrerelease=true]Azure.Maps.Search,1.0.0-beta.4
azuremediaanalyticsedge,[tfm=netstandard2.0;isPrerelease=true]Azure.Media.Analytics.Edge,1.0.0-beta.1
azuremediavideoanalyzeredge,[tfm=netstandard2.0;isPrerelease=true]Azure.Media.VideoAnalyzer.Edge,1.0.0-beta.6
azuremessagingeventgrid,[customSource=https://pkgs.dev.azure.com/azure-sdk/public/_packaging/azure-sdk-for-net/nuget/v3/index.json;tfm=netstandard2.0;isPrerelease=true]Azure.Messaging.EventGrid,4.19.0-alpha.20230918.1
azuremessagingeventhubs,[customSource=https://pkgs.dev.azure.com/azure-sdk/public/_packaging/azure-sdk-for-net/nuget/v3/index.json;tfm=netstandard2.0;isPrerelease=true]Azure.Messaging.EventHubs,5.10.0-alpha.20230918.1
azuremessagingeventhubsexperimental,[tfm=netstandard2.0;isPrerelease=true;customSource=https://pkgs.dev.azure.com/azure-sdk/public/_packaging/azure-sdk-for-net/nuget/v3/index.json]Azure.Messaging.EventHubs.Experimental,0.1.0-alpha.20230918.1
azuremessagingeventhubsprocessor,[customSource=https://pkgs.dev.azure.com/azure-sdk/public/_packaging/azure-sdk-for-net/nuget/v3/index.json;tfm=netstandard2.0;isPrerelease=true]Azure.Messaging.EventHubs.Processor,5.10.0-alpha.20230918.1
azuremessagingservicebus,[customSource=https://pkgs.dev.azure.com/azure-sdk/public/_packaging/azure-sdk-for-net/nuget/v3/index.json;tfm=netstandard2.0;isPrerelease=true]Azure.Messaging.ServiceBus,7.17.0-alpha.20230918.1
azuremessagingwebpubsub,[customSource=https://pkgs.dev.azure.com/azure-sdk/public/_packaging/azure-sdk-for-net/nuget/v3/index.json;tfm=netstandard2.0;isPrerelease=true]Azure.Messaging.WebPubSub,1.4.0-alpha.20230918.1
azuremessagingwebpubsubclient,[customSource=https://pkgs.dev.azure.com/azure-sdk/public/_packaging/azure-sdk-for-net/nuget/v3/index.json;tfm=netstandard2.0;isPrerelease=true]Azure.Messaging.WebPubSub.Client,1.0.0-alpha.20230918.1
azuremixedrealityauthentication,[tfm=netstandard2.0;isPrerelease=true;customSource=https://pkgs.dev.azure.com/azure-sdk/public/_packaging/azure-sdk-for-net/nuget/v3/index.json]Azure.MixedReality.Authentication,1.3.0-alpha.20230918.1
azuremixedrealityobjectanchorsconversion,[customSource=https://pkgs.dev.azure.com/azure-sdk/public/_packaging/azure-sdk-for-net/nuget/v3/index.json;tfm=netstandard2.0;isPrerelease=true]Azure.MixedReality.ObjectAnchors.Conversion,0.3.0-alpha.20230918.1
azuremixedrealityremoterendering,[tfm=netstandard2.0;isPrerelease=true;customSource=https://pkgs.dev.azure.com/azure-sdk/public/_packaging/azure-sdk-for-net/nuget/v3/index.json]Azure.MixedReality.RemoteRendering,1.2.1-alpha.20230918.1
azuremonitoringestion,[customSource=https://pkgs.dev.azure.com/azure-sdk/public/_packaging/azure-sdk-for-net/nuget/v3/index.json;tfm=netstandard2.0;isPrerelease=true]Azure.Monitor.Ingestion,1.1.0-alpha.20230918.1
azuremonitoropentelemetryaspnetcore,[tfm=netstandard2.0;isPrerelease=true;customSource=https://pkgs.dev.azure.com/azure-sdk/public/_packaging/azure-sdk-for-net/nuget/v3/index.json]Azure.Monitor.OpenTelemetry.AspNetCore,1.0.0-alpha.20230918.1
azuremonitoropentelemetryexporter,[customSource=https://pkgs.dev.azure.com/azure-sdk/public/_packaging/azure-sdk-for-net/nuget/v3/index.json;tfm=netstandard2.0;isPrerelease=true]Azure.Monitor.OpenTelemetry.Exporter,1.0.0-alpha.20230918.1
azuremonitorquery,[tfm=netstandard2.0;isPrerelease=true;customSource=https://pkgs.dev.azure.com/azure-sdk/public/_packaging/azure-sdk-for-net/nuget/v3/index.json]Azure.Monitor.Query,1.3.0-alpha.20230918.1
azurequantumjobs,[customSource=https://pkgs.dev.azure.com/azure-sdk/public/_packaging/azure-sdk-for-net/nuget/v3/index.json;tfm=netstandard2.0;isPrerelease=true]Azure.Quantum.Jobs,1.0.0-alpha.20230918.1
azureresourcemanager,[tfm=netstandard2.0;isPrerelease=true]Azure.ResourceManager,1.8.0-beta.1
azureresourcemanageradvisor,[customSource=https://pkgs.dev.azure.com/azure-sdk/public/_packaging/azure-sdk-for-net/nuget/v3/index.json;tfm=netstandard2.0;isPrerelease=true]Azure.ResourceManager.Advisor,1.0.0-alpha.20230918.1
azureresourcemanageragfoodplatform,[customSource=https://pkgs.dev.azure.com/azure-sdk/public/_packaging/azure-sdk-for-net/nuget/v3/index.json;tfm=netstandard2.0;isPrerelease=true]Azure.ResourceManager.AgFoodPlatform,1.0.0-alpha.20230918.1
azureresourcemanageralertsmanagement,[customSource=https://pkgs.dev.azure.com/azure-sdk/public/_packaging/azure-sdk-for-net/nuget/v3/index.json;tfm=netstandard2.0;isPrerelease=true]Azure.ResourceManager.AlertsManagement,1.1.0-alpha.20230918.1
azureresourcemanageranalysis,[tfm=netstandard2.0;isPrerelease=true]Azure.ResourceManager.Analysis,1.1.0-beta.1
azureresourcemanagerapicenter,[tfm=netstandard2.0;isPrerelease=true;customSource=https://pkgs.dev.azure.com/azure-sdk/public/_packaging/azure-sdk-for-net/nuget/v3/index.json]Azure.ResourceManager.ApiCenter,1.0.0-alpha.20230918.1
azureresourcemanagerapimanagement,[customSource=https://pkgs.dev.azure.com/azure-sdk/public/_packaging/azure-sdk-for-net/nuget/v3/index.json;tfm=netstandard2.0;isPrerelease=true]Azure.ResourceManager.ApiManagement,1.1.0-alpha.20230918.1
azureresourcemanagerappcomplianceautomation,[tfm=netstandard2.0;isPrerelease=true]Azure.ResourceManager.AppComplianceAutomation,1.0.0-beta.3
azureresourcemanagerappconfiguration,[customSource=https://pkgs.dev.azure.com/azure-sdk/public/_packaging/azure-sdk-for-net/nuget/v3/index.json;tfm=netstandard2.0;isPrerelease=true]Azure.ResourceManager.AppConfiguration,1.1.0-alpha.20230918.1
azureresourcemanagerappcontainers,[customSource=https://pkgs.dev.azure.com/azure-sdk/public/_packaging/azure-sdk-for-net/nuget/v3/index.json;tfm=netstandard2.0;isPrerelease=true]Azure.ResourceManager.AppContainers,1.2.0-alpha.20230918.1
azureresourcemanagerapplicationinsights,[customSource=https://pkgs.dev.azure.com/azure-sdk/public/_packaging/azure-sdk-for-net/nuget/v3/index.json;tfm=netstandard2.0;isPrerelease=true]Azure.ResourceManager.ApplicationInsights,1.0.0-alpha.20230918.1
azureresourcemanagerapplicationscontainers,[tfm=netstandard2.0;isPrerelease=true]Azure.ResourceManager.Applications.Containers,1.0.0-beta.1
azureresourcemanagerappplatform,[customSource=https://pkgs.dev.azure.com/azure-sdk/public/_packaging/azure-sdk-for-net/nuget/v3/index.json;tfm=netstandard2.0;isPrerelease=true]Azure.ResourceManager.AppPlatform,1.1.0-alpha.20230918.1
azureresourcemanagerappservice,[tfm=netstandard2.0;isPrerelease=true]Azure.ResourceManager.AppService,1.1.0-beta.3
azureresourcemanagerarcscvmm,[tfm=netstandard2.0;isPrerelease=true]Azure.ResourceManager.ArcScVmm,1.0.0-beta.3
azureresourcemanagerattestation,[customSource=https://pkgs.dev.azure.com/azure-sdk/public/_packaging/azure-sdk-for-net/nuget/v3/index.json;tfm=netstandard2.0;isPrerelease=true]Azure.ResourceManager.Attestation,1.0.0-alpha.20230918.1
azureresourcemanagerauthorization,[customSource=https://pkgs.dev.azure.com/azure-sdk/public/_packaging/azure-sdk-for-net/nuget/v3/index.json;tfm=netstandard2.0;isPrerelease=true]Azure.ResourceManager.Authorization,1.1.0-alpha.20230918.1
azureresourcemanagerautomanage,[customSource=https://pkgs.dev.azure.com/azure-sdk/public/_packaging/azure-sdk-for-net/nuget/v3/index.json;tfm=netstandard2.0;isPrerelease=true]Azure.ResourceManager.Automanage,1.1.0-alpha.20230918.1
azureresourcemanagerautomation,[tfm=netstandard2.0;isPrerelease=true]Azure.ResourceManager.Automation,1.1.0-beta.1
azureresourcemanageravs,[customSource=https://pkgs.dev.azure.com/azure-sdk/public/_packaging/azure-sdk-for-net/nuget/v3/index.json;tfm=netstandard2.0;isPrerelease=true]Azure.ResourceManager.Avs,1.2.0-alpha.20230918.1
azureresourcemanagerbatch,[customSource=https://pkgs.dev.azure.com/azure-sdk/public/_packaging/azure-sdk-for-net/nuget/v3/index.json;tfm=netstandard2.0;isPrerelease=true]Azure.ResourceManager.Batch,1.3.0-alpha.20230918.1
azureresourcemanagerbilling,[customSource=https://pkgs.dev.azure.com/azure-sdk/public/_packaging/azure-sdk-for-net/nuget/v3/index.json;tfm=netstandard2.0;isPrerelease=true]Azure.ResourceManager.Billing,1.1.0-alpha.20230918.1
azureresourcemanagerbillingbenefits,[tfm=netstandard2.0;isPrerelease=true]Azure.ResourceManager.BillingBenefits,1.0.0-beta.2
azureresourcemanagerblueprint,[customSource=https://pkgs.dev.azure.com/azure-sdk/public/_packaging/azure-sdk-for-net/nuget/v3/index.json;tfm=netstandard2.0;isPrerelease=true]Azure.ResourceManager.Blueprint,1.0.0-alpha.20230918.1
azureresourcemanagerbotservice,[customSource=https://pkgs.dev.azure.com/azure-sdk/public/_packaging/azure-sdk-for-net/nuget/v3/index.json;tfm=netstandard2.0;isPrerelease=true]Azure.ResourceManager.BotService,1.1.0-alpha.20230918.1
azureresourcemanagercdn,[customSource=https://pkgs.dev.azure.com/azure-sdk/public/_packaging/azure-sdk-for-net/nuget/v3/index.json;tfm=netstandard2.0;isPrerelease=true]Azure.ResourceManager.Cdn,1.2.0-alpha.20230918.1
azureresourcemanagerchangeanalysis,[customSource=https://pkgs.dev.azure.com/azure-sdk/public/_packaging/azure-sdk-for-net/nuget/v3/index.json;tfm=netstandard2.0;isPrerelease=true]Azure.ResourceManager.ChangeAnalysis,1.1.0-alpha.20230918.1
azureresourcemanagerchaos,[customSource=https://pkgs.dev.azure.com/azure-sdk/public/_packaging/azure-sdk-for-net/nuget/v3/index.json;tfm=netstandard2.0;isPrerelease=true]Azure.ResourceManager.Chaos,1.0.0-alpha.20230918.1
azureresourcemanagercognitiveservices,[customSource=https://pkgs.dev.azure.com/azure-sdk/public/_packaging/azure-sdk-for-net/nuget/v3/index.json;tfm=netstandard2.0;isPrerelease=true]Azure.ResourceManager.CognitiveServices,1.4.0-alpha.20230918.1
azureresourcemanagercommunication,[tfm=netstandard2.0;isPrerelease=true]Azure.ResourceManager.Communication,1.2.0-beta.2
azureresourcemanagercompute,[customSource=https://pkgs.dev.azure.com/azure-sdk/public/_packaging/azure-sdk-for-net/nuget/v3/index.json;tfm=netstandard2.0;isPrerelease=true]Azure.ResourceManager.Compute,1.3.0-alpha.20230918.1
azureresourcemanagerconfidentialledger,[tfm=netstandard2.0;isPrerelease=true]Azure.ResourceManager.ConfidentialLedger,1.1.0-beta.2
azureresourcemanagerconfluent,[customSource=https://pkgs.dev.azure.com/azure-sdk/public/_packaging/azure-sdk-for-net/nuget/v3/index.json;tfm=netstandard2.0;isPrerelease=true]Azure.ResourceManager.Confluent,1.1.0-alpha.20230918.1
azureresourcemanagerconnectedvmwarevsphere,[customSource=https://pkgs.dev.azure.com/azure-sdk/public/_packaging/azure-sdk-for-net/nuget/v3/index.json;tfm=netstandard2.0;isPrerelease=true]Azure.ResourceManager.ConnectedVMwarevSphere,1.0.0-alpha.20230918.1
azureresourcemanagerconsumption,[customSource=https://pkgs.dev.azure.com/azure-sdk/public/_packaging/azure-sdk-for-net/nuget/v3/index.json;tfm=netstandard2.0;isPrerelease=true]Azure.ResourceManager.Consumption,1.1.0-alpha.20230918.1
azureresourcemanagercontainerinstance,[customSource=https://pkgs.dev.azure.com/azure-sdk/public/_packaging/azure-sdk-for-net/nuget/v3/index.json;tfm=netstandard2.0;isPrerelease=true]Azure.ResourceManager.ContainerInstance,1.2.0-alpha.20230918.1
azureresourcemanagercontainerregistry,[customSource=https://pkgs.dev.azure.com/azure-sdk/public/_packaging/azure-sdk-for-net/nuget/v3/index.json;tfm=netstandard2.0;isPrerelease=true]Azure.ResourceManager.ContainerRegistry,1.2.0-alpha.20230918.1
azureresourcemanagercontainerservice,[customSource=https://pkgs.dev.azure.com/azure-sdk/public/_packaging/azure-sdk-for-net/nuget/v3/index.json;tfm=netstandard2.0;isPrerelease=true]Azure.ResourceManager.ContainerService,1.2.0-alpha.20230918.1
azureresourcemanagercosmosdb,[customSource=https://pkgs.dev.azure.com/azure-sdk/public/_packaging/azure-sdk-for-net/nuget/v3/index.json;tfm=netstandard2.0;isPrerelease=true]Azure.ResourceManager.CosmosDB,1.4.0-alpha.20230918.1
azureresourcemanagercosmosdbforpostgresql,[tfm=netstandard2.0;isPrerelease=true;customSource=https://pkgs.dev.azure.com/azure-sdk/public/_packaging/azure-sdk-for-net/nuget/v3/index.json]Azure.ResourceManager.CosmosDBForPostgreSql,1.0.0-alpha.20230918.1
azureresourcemanagercostmanagement,[tfm=netstandard2.0;isPrerelease=true;customSource=https://pkgs.dev.azure.com/azure-sdk/public/_packaging/azure-sdk-for-net/nuget/v3/index.json]Azure.ResourceManager.CostManagement,1.1.0-alpha.20230918.1
azureresourcemanagercustomerinsights,[customSource=https://pkgs.dev.azure.com/azure-sdk/public/_packaging/azure-sdk-for-net/nuget/v3/index.json;tfm=netstandard2.0;isPrerelease=true]Azure.ResourceManager.CustomerInsights,1.0.0-alpha.20230918.1
azureresourcemanagerdatabox,[tfm=netstandard2.0;isPrerelease=true]Azure.ResourceManager.DataBox,1.0.0-beta.1
azureresourcemanagerdataboxedge,[customSource=https://pkgs.dev.azure.com/azure-sdk/public/_packaging/azure-sdk-for-net/nuget/v3/index.json;tfm=netstandard2.0;isPrerelease=true]Azure.ResourceManager.DataBoxEdge,1.1.0-alpha.20230918.1
azureresourcemanagerdatadog,[customSource=https://pkgs.dev.azure.com/azure-sdk/public/_packaging/azure-sdk-for-net/nuget/v3/index.json;tfm=netstandard2.0;isPrerelease=true]Azure.ResourceManager.Datadog,1.0.0-alpha.20230918.1
azureresourcemanagerdatafactory,[customSource=https://pkgs.dev.azure.com/azure-sdk/public/_packaging/azure-sdk-for-net/nuget/v3/index.json;tfm=netstandard2.0;isPrerelease=true]Azure.ResourceManager.DataFactory,1.0.0-alpha.20230918.1
azureresourcemanagerdatalakeanalytics,[customSource=https://pkgs.dev.azure.com/azure-sdk/public/_packaging/azure-sdk-for-net/nuget/v3/index.json;tfm=netstandard2.0;isPrerelease=true]Azure.ResourceManager.DataLakeAnalytics,1.1.0-alpha.20230918.1
azureresourcemanagerdatalakestore,[customSource=https://pkgs.dev.azure.com/azure-sdk/public/_packaging/azure-sdk-for-net/nuget/v3/index.json;tfm=netstandard2.0;isPrerelease=true]Azure.ResourceManager.DataLakeStore,1.1.0-alpha.20230918.1
azureresourcemanagerdatamigration,[tfm=netstandard2.0;isPrerelease=true]Azure.ResourceManager.DataMigration,1.0.0-beta.3
azureresourcemanagerdataprotectionbackup,[customSource=https://pkgs.dev.azure.com/azure-sdk/public/_packaging/azure-sdk-for-net/nuget/v3/index.json;tfm=netstandard2.0;isPrerelease=true]Azure.ResourceManager.DataProtectionBackup,1.3.0-alpha.20230918.1
azureresourcemanagerdatashare,[customSource=https://pkgs.dev.azure.com/azure-sdk/public/_packaging/azure-sdk-for-net/nuget/v3/index.json;tfm=netstandard2.0;isPrerelease=true]Azure.ResourceManager.DataShare,1.1.0-alpha.20230918.1
azureresourcemanagerdefendereasm,[tfm=netstandard2.0;isPrerelease=true;customSource=https://pkgs.dev.azure.com/azure-sdk/public/_packaging/azure-sdk-for-net/nuget/v3/index.json]Azure.ResourceManager.DefenderEasm,1.0.0-alpha.20230918.1
azureresourcemanagerdeploymentmanager,[tfm=netstandard2.0;isPrerelease=true]Azure.ResourceManager.DeploymentManager,1.0.0-beta.3
azureresourcemanagerdesktopvirtualization,[customSource=https://pkgs.dev.azure.com/azure-sdk/public/_packaging/azure-sdk-for-net/nuget/v3/index.json;tfm=netstandard2.0;isPrerelease=true]Azure.ResourceManager.DesktopVirtualization,1.2.0-alpha.20230918.1
azureresourcemanagerdevcenter,[customSource=https://pkgs.dev.azure.com/azure-sdk/public/_packaging/azure-sdk-for-net/nuget/v3/index.json;tfm=netstandard2.0;isPrerelease=true]Azure.ResourceManager.DevCenter,1.1.0-alpha.20230918.1
azureresourcemanagerdeviceprovisioningservices,[customSource=https://pkgs.dev.azure.com/azure-sdk/public/_packaging/azure-sdk-for-net/nuget/v3/index.json;tfm=netstandard2.0;isPrerelease=true]Azure.ResourceManager.DeviceProvisioningServices,1.2.0-alpha.20230918.1
azureresourcemanagerdeviceupdate,[tfm=netstandard2.0;isPrerelease=true]Azure.ResourceManager.DeviceUpdate,1.0.0-beta.9
azureresourcemanagerdevspaces,[tfm=netstandard2.0;isPrerelease=true]Azure.ResourceManager.DevSpaces,1.0.0-beta.3
azureresourcemanagerdevtestlabs,[tfm=netstandard2.0;isPrerelease=true]Azure.ResourceManager.DevTestLabs,1.1.0-beta.1
azureresourcemanagerdigitaltwins,[tfm=netstandard2.0;isPrerelease=true]Azure.ResourceManager.DigitalTwins,1.3.0-beta.1
azureresourcemanagerdns,[customSource=https://pkgs.dev.azure.com/azure-sdk/public/_packaging/azure-sdk-for-net/nuget/v3/index.json;tfm=netstandard2.0;isPrerelease=true]Azure.ResourceManager.Dns,1.1.0-alpha.20230918.1
azureresourcemanagerdnsresolver,[customSource=https://pkgs.dev.azure.com/azure-sdk/public/_packaging/azure-sdk-for-net/nuget/v3/index.json;tfm=netstandard2.0;isPrerelease=true]Azure.ResourceManager.DnsResolver,1.1.0-alpha.20230918.1
azureresourcemanagerdynatrace,[customSource=https://pkgs.dev.azure.com/azure-sdk/public/_packaging/azure-sdk-for-net/nuget/v3/index.json;tfm=netstandard2.0;isPrerelease=true]Azure.ResourceManager.Dynatrace,1.1.0-alpha.20230918.1
azureresourcemanageredgeorder,[customSource=https://pkgs.dev.azure.com/azure-sdk/public/_packaging/azure-sdk-for-net/nuget/v3/index.json;tfm=netstandard2.0;isPrerelease=true]Azure.ResourceManager.EdgeOrder,1.1.0-alpha.20230918.1
azureresourcemanagerelastic,[tfm=netstandard2.0;isPrerelease=true]Azure.ResourceManager.Elastic,1.0.0-beta.3
azureresourcemanagerelasticsan,[customSource=https://pkgs.dev.azure.com/azure-sdk/public/_packaging/azure-sdk-for-net/nuget/v3/index.json;tfm=netstandard2.0;isPrerelease=true]Azure.ResourceManager.ElasticSan,1.0.0-alpha.20230918.1
azureresourcemanagerenergyservices,[tfm=netstandard2.0;isPrerelease=true;customSource=https://pkgs.dev.azure.com/azure-sdk/public/_packaging/azure-sdk-for-net/nuget/v3/index.json]Azure.ResourceManager.EnergyServices,1.0.0-alpha.20230918.1
azureresourcemanagereventgrid,[tfm=netstandard2.0;isPrerelease=true]Azure.ResourceManager.EventGrid,1.1.0-beta.2
azureresourcemanagereventhubs,[customSource=https://pkgs.dev.azure.com/azure-sdk/public/_packaging/azure-sdk-for-net/nuget/v3/index.json;tfm=netstandard2.0;isPrerelease=true]Azure.ResourceManager.EventHubs,1.1.0-alpha.20230918.1
azureresourcemanagerextendedlocation,[tfm=netstandard2.0;isPrerelease=true]Azure.ResourceManager.ExtendedLocation,1.0.0-beta.2
azureresourcemanagerextendedlocations,[customSource=https://pkgs.dev.azure.com/azure-sdk/public/_packaging/azure-sdk-for-net/nuget/v3/index.json;tfm=netstandard2.0;isPrerelease=true]Azure.ResourceManager.ExtendedLocations,1.1.0-alpha.20230918.1
azureresourcemanagerfluidrelay,[customSource=https://pkgs.dev.azure.com/azure-sdk/public/_packaging/azure-sdk-for-net/nuget/v3/index.json;tfm=netstandard2.0;isPrerelease=true]Azure.ResourceManager.FluidRelay,1.1.0-alpha.20230918.1
azureresourcemanagerfrontdoor,[customSource=https://pkgs.dev.azure.com/azure-sdk/public/_packaging/azure-sdk-for-net/nuget/v3/index.json;tfm=netstandard2.0;isPrerelease=true]Azure.ResourceManager.FrontDoor,1.2.0-alpha.20230918.1
azureresourcemanagergrafana,[tfm=netstandard2.0;isPrerelease=true]Azure.ResourceManager.Grafana,1.1.0-beta.1
azureresourcemanagergraphservices,[tfm=netstandard2.0;isPrerelease=true;customSource=https://pkgs.dev.azure.com/azure-sdk/public/_packaging/azure-sdk-for-net/nuget/v3/index.json]Azure.ResourceManager.GraphServices,1.1.0-alpha.20230918.1
azureresourcemanagerguestconfiguration,[customSource=https://pkgs.dev.azure.com/azure-sdk/public/_packaging/azure-sdk-for-net/nuget/v3/index.json;tfm=netstandard2.0;isPrerelease=true]Azure.ResourceManager.GuestConfiguration,1.1.0-alpha.20230918.1
azureresourcemanagerhci,[tfm=netstandard2.0;isPrerelease=true]Azure.ResourceManager.Hci,1.0.0-beta.5
azureresourcemanagerhdinsight,[tfm=netstandard2.0;isPrerelease=true]Azure.ResourceManager.HDInsight,1.2.0-beta.1
azureresourcemanagerhdinsightcontainers,[tfm=netstandard2.0;isPrerelease=true]Azure.ResourceManager.HDInsight.Containers,1.0.0-beta.1
azureresourcemanagerhealthbot,[tfm=netstandard2.0;isPrerelease=true;customSource=https://pkgs.dev.azure.com/azure-sdk/public/_packaging/azure-sdk-for-net/nuget/v3/index.json]Azure.ResourceManager.HealthBot,1.1.0-alpha.20230918.1
azureresourcemanagerhealthcareapis,[customSource=https://pkgs.dev.azure.com/azure-sdk/public/_packaging/azure-sdk-for-net/nuget/v3/index.json;tfm=netstandard2.0;isPrerelease=true]Azure.ResourceManager.HealthcareApis,1.1.0-alpha.20230918.1
azureresourcemanagerhybridcompute,[tfm=netstandard2.0;isPrerelease=true]Azure.ResourceManager.HybridCompute,1.0.0-beta.4
azureresourcemanagerhybridconnectivity,[customSource=https://pkgs.dev.azure.com/azure-sdk/public/_packaging/azure-sdk-for-net/nuget/v3/index.json;tfm=netstandard2.0;isPrerelease=true]Azure.ResourceManager.HybridConnectivity,1.0.0-alpha.20230918.1
azureresourcemanagerhybridcontainerservice,[tfm=netstandard2.0;isPrerelease=true;customSource=https://pkgs.dev.azure.com/azure-sdk/public/_packaging/azure-sdk-for-net/nuget/v3/index.json]Azure.ResourceManager.HybridContainerService,1.0.0-alpha.20230918.1
azureresourcemanageriotcentral,[customSource=https://pkgs.dev.azure.com/azure-sdk/public/_packaging/azure-sdk-for-net/nuget/v3/index.json;tfm=netstandard2.0;isPrerelease=true]Azure.ResourceManager.IotCentral,1.1.0-alpha.20230918.1
azureresourcemanageriotfirmwaredefense,[tfm=netstandard2.0;isPrerelease=true;customSource=https://pkgs.dev.azure.com/azure-sdk/public/_packaging/azure-sdk-for-net/nuget/v3/index.json]Azure.ResourceManager.IotFirmwareDefense,1.0.0-alpha.20230918.1
azureresourcemanageriothub,[tfm=netstandard2.0;isPrerelease=true]Azure.ResourceManager.IotHub,1.1.0-beta.2
azureresourcemanagerkeyvault,[customSource=https://pkgs.dev.azure.com/azure-sdk/public/_packaging/azure-sdk-for-net/nuget/v3/index.json;tfm=netstandard2.0;isPrerelease=true]Azure.ResourceManager.KeyVault,1.2.0-alpha.20230918.1
azureresourcemanagerkubernetes,[tfm=netstandard2.0;isPrerelease=true]Azure.ResourceManager.Kubernetes,1.0.0-beta.3
azureresourcemanagerkubernetesconfiguration,[tfm=netstandard2.0;isPrerelease=true]Azure.ResourceManager.KubernetesConfiguration,1.2.0-beta.1
azureresourcemanagerkusto,[customSource=https://pkgs.dev.azure.com/azure-sdk/public/_packaging/azure-sdk-for-net/nuget/v3/index.json;tfm=netstandard2.0;isPrerelease=true]Azure.ResourceManager.Kusto,1.5.0-alpha.20230918.1
azureresourcemanagerlabservices,[customSource=https://pkgs.dev.azure.com/azure-sdk/public/_packaging/azure-sdk-for-net/nuget/v3/index.json;tfm=netstandard2.0;isPrerelease=true]Azure.ResourceManager.LabServices,1.1.0-alpha.20230918.1
azureresourcemanagerloadtesting,[tfm=netstandard2.0;isPrerelease=true]Azure.ResourceManager.LoadTesting,1.1.0-beta.1
azureresourcemanagerlogic,[customSource=https://pkgs.dev.azure.com/azure-sdk/public/_packaging/azure-sdk-for-net/nuget/v3/index.json;tfm=netstandard2.0;isPrerelease=true]Azure.ResourceManager.Logic,1.1.0-alpha.20230918.1
azureresourcemanagermachinelearning,[tfm=netstandard2.0;isPrerelease=true]Azure.ResourceManager.MachineLearning,1.2.0-beta.1
azureresourcemanagermachinelearningcompute,[tfm=netstandard2.0;isPrerelease=true]Azure.ResourceManager.MachineLearningCompute,1.0.0-beta.3
azureresourcemanagermaintenance,[tfm=netstandard2.0;isPrerelease=true]Azure.ResourceManager.Maintenance,1.2.0-beta.4
azureresourcemanagermanagednetwork,[tfm=netstandard2.0;isPrerelease=true]Azure.ResourceManager.ManagedNetwork,1.0.0-beta.3
azureresourcemanagermanagednetworkfabric,[tfm=netstandard2.0;isPrerelease=true;customSource=https://pkgs.dev.azure.com/azure-sdk/public/_packaging/azure-sdk-for-net/nuget/v3/index.json]Azure.ResourceManager.ManagedNetworkFabric,1.1.0-alpha.20230918.1
azureresourcemanagermanagedserviceidentities,[customSource=https://pkgs.dev.azure.com/azure-sdk/public/_packaging/azure-sdk-for-net/nuget/v3/index.json;tfm=netstandard2.0;isPrerelease=true]Azure.ResourceManager.ManagedServiceIdentities,1.2.0-alpha.20230918.1
azureresourcemanagermanagedservices,[tfm=netstandard2.0;isPrerelease=true]Azure.ResourceManager.ManagedServices,1.1.0-beta.1
azureresourcemanagermanagementpartner,[tfm=netstandard2.0;isPrerelease=true]Azure.ResourceManager.ManagementPartner,1.0.0-beta.3
azureresourcemanagermaps,[tfm=netstandard2.0;isPrerelease=true]Azure.ResourceManager.Maps,1.1.0-beta.2
azureresourcemanagermarketplace,[customSource=https://pkgs.dev.azure.com/azure-sdk/public/_packaging/azure-sdk-for-net/nuget/v3/index.json;tfm=netstandard2.0;isPrerelease=true]Azure.ResourceManager.Marketplace,1.2.0-alpha.20230918.1
azureresourcemanagermarketplaceordering,[tfm=netstandard2.0;isPrerelease=true]Azure.ResourceManager.MarketplaceOrdering,1.1.0-beta.1
azureresourcemanagermedia,[customSource=https://pkgs.dev.azure.com/azure-sdk/public/_packaging/azure-sdk-for-net/nuget/v3/index.json;tfm=netstandard2.0;isPrerelease=true]Azure.ResourceManager.Media,1.3.0-alpha.20230918.1
azureresourcemanagermigrate,[tfm=netstandard2.0;isPrerelease=true]Azure.ResourceManager.Migrate,1.0.0-beta.1
azureresourcemanagermixedreality,[customSource=https://pkgs.dev.azure.com/azure-sdk/public/_packaging/azure-sdk-for-net/nuget/v3/index.json;tfm=netstandard2.0;isPrerelease=true]Azure.ResourceManager.MixedReality,1.1.0-alpha.20230918.1
azureresourcemanagermobilenetwork,[tfm=netstandard2.0;isPrerelease=true;customSource=https://pkgs.dev.azure.com/azure-sdk/public/_packaging/azure-sdk-for-net/nuget/v3/index.json]Azure.ResourceManager.MobileNetwork,1.1.0-alpha.20230918.1
azureresourcemanagermonitor,[tfm=netstandard2.0;isPrerelease=true]Azure.ResourceManager.Monitor,1.3.0-beta.2
azureresourcemanagermysql,[tfm=netstandard2.0;isPrerelease=true]Azure.ResourceManager.MySql,1.1.0-beta.2
azureresourcemanagernetapp,[customSource=https://pkgs.dev.azure.com/azure-sdk/public/_packaging/azure-sdk-for-net/nuget/v3/index.json;tfm=netstandard2.0;isPrerelease=true]Azure.ResourceManager.NetApp,1.4.0-alpha.20230918.1
azureresourcemanagernetwork,[customSource=https://pkgs.dev.azure.com/azure-sdk/public/_packaging/azure-sdk-for-net/nuget/v3/index.json;tfm=netstandard2.0;isPrerelease=true]Azure.ResourceManager.Network,1.6.0-alpha.20230918.1
azureresourcemanagernetworkcloud,[tfm=netstandard2.0;isPrerelease=true;customSource=https://pkgs.dev.azure.com/azure-sdk/public/_packaging/azure-sdk-for-net/nuget/v3/index.json]Azure.ResourceManager.NetworkCloud,1.1.0-alpha.20230918.1
azureresourcemanagernetworkfunction,[customSource=https://pkgs.dev.azure.com/azure-sdk/public/_packaging/azure-sdk-for-net/nuget/v3/index.json;tfm=netstandard2.0;isPrerelease=true]Azure.ResourceManager.NetworkFunction,1.0.0-alpha.20230918.1
azureresourcemanagernewrelicobservability,[tfm=netstandard2.0;isPrerelease=true]Azure.ResourceManager.NewRelicObservability,1.0.0-beta.2
azureresourcemanagernginx,[customSource=https://pkgs.dev.azure.com/azure-sdk/public/_packaging/azure-sdk-for-net/nuget/v3/index.json;tfm=netstandard2.0;isPrerelease=true]Azure.ResourceManager.Nginx,1.0.0-alpha.20230918.1
azureresourcemanagernotificationhubs,[tfm=netstandard2.0;isPrerelease=true]Azure.ResourceManager.NotificationHubs,1.1.0-beta.1
azureresourcemanageroperationalinsights,[tfm=netstandard2.0;isPrerelease=true]Azure.ResourceManager.OperationalInsights,1.2.0-beta.1
azureresourcemanagerorbital,[customSource=https://pkgs.dev.azure.com/azure-sdk/public/_packaging/azure-sdk-for-net/nuget/v3/index.json;tfm=netstandard2.0;isPrerelease=true]Azure.ResourceManager.Orbital,1.1.0-alpha.20230918.1
azureresourcemanagerpaloaltonetworksngfw,[tfm=netstandard2.0;isPrerelease=true]Azure.ResourceManager.PaloAltoNetworks.Ngfw,1.0.0-beta.1
azureresourcemanagerpeering,[tfm=netstandard2.0;isPrerelease=true]Azure.ResourceManager.Peering,1.2.0-beta.1
azureresourcemanagerpolicyinsights,[customSource=https://pkgs.dev.azure.com/azure-sdk/public/_packaging/azure-sdk-for-net/nuget/v3/index.json;tfm=netstandard2.0;isPrerelease=true]Azure.ResourceManager.PolicyInsights,1.2.0-alpha.20230918.1
azureresourcemanagerpostgresql,[tfm=netstandard2.0;isPrerelease=true]Azure.ResourceManager.PostgreSql,1.2.0-beta.2
azureresourcemanagerpowerbidedicated,[customSource=https://pkgs.dev.azure.com/azure-sdk/public/_packaging/azure-sdk-for-net/nuget/v3/index.json;tfm=netstandard2.0;isPrerelease=true]Azure.ResourceManager.PowerBIDedicated,1.0.0-alpha.20230918.1
azureresourcemanagerprivatedns,[customSource=https://pkgs.dev.azure.com/azure-sdk/public/_packaging/azure-sdk-for-net/nuget/v3/index.json;tfm=netstandard2.0;isPrerelease=true]Azure.ResourceManager.PrivateDns,1.1.0-alpha.20230918.1
azureresourcemanagerproviderhub,[customSource=https://pkgs.dev.azure.com/azure-sdk/public/_packaging/azure-sdk-for-net/nuget/v3/index.json;tfm=netstandard2.0;isPrerelease=true]Azure.ResourceManager.ProviderHub,1.1.0-alpha.20230918.1
azureresourcemanagerpurview,[customSource=https://pkgs.dev.azure.com/azure-sdk/public/_packaging/azure-sdk-for-net/nuget/v3/index.json;tfm=netstandard2.0;isPrerelease=true]Azure.ResourceManager.Purview,1.1.0-alpha.20230918.1
azureresourcemanagerquantum,[customSource=https://pkgs.dev.azure.com/azure-sdk/public/_packaging/azure-sdk-for-net/nuget/v3/index.json;tfm=netstandard2.0;isPrerelease=true]Azure.ResourceManager.Quantum,1.0.0-alpha.20230918.1
azureresourcemanagerqumulo,[tfm=netstandard2.0;isPrerelease=true;customSource=https://pkgs.dev.azure.com/azure-sdk/public/_packaging/azure-sdk-for-net/nuget/v3/index.json]Azure.ResourceManager.Qumulo,1.1.0-alpha.20230918.1
azureresourcemanagerquota,[customSource=https://pkgs.dev.azure.com/azure-sdk/public/_packaging/azure-sdk-for-net/nuget/v3/index.json;tfm=netstandard2.0;isPrerelease=true]Azure.ResourceManager.Quota,1.1.0-alpha.20230918.1
azureresourcemanagerrecoveryservices,[customSource=https://pkgs.dev.azure.com/azure-sdk/public/_packaging/azure-sdk-for-net/nuget/v3/index.json;tfm=netstandard2.0;isPrerelease=true]Azure.ResourceManager.RecoveryServices,1.2.0-alpha.20230918.1
azureresourcemanagerrecoveryservicesbackup,[customSource=https://pkgs.dev.azure.com/azure-sdk/public/_packaging/azure-sdk-for-net/nuget/v3/index.json;tfm=netstandard2.0;isPrerelease=true]Azure.ResourceManager.RecoveryServicesBackup,1.2.0-alpha.20230918.1
azureresourcemanagerrecoveryservicessiterecovery,[tfm=netstandard2.0;isPrerelease=true]Azure.ResourceManager.RecoveryServicesSiteRecovery,1.0.0-beta.3
azureresourcemanagerredis,[customSource=https://pkgs.dev.azure.com/azure-sdk/public/_packaging/azure-sdk-for-net/nuget/v3/index.json;tfm=netstandard2.0;isPrerelease=true]Azure.ResourceManager.Redis,1.3.0-alpha.20230918.1
azureresourcemanagerredisenterprise,[tfm=netstandard2.0;isPrerelease=true]Azure.ResourceManager.RedisEnterprise,1.1.0-beta.1
azureresourcemanagerredisenterprisecache,[tfm=netstandard2.0;isPrerelease=true]Azure.ResourceManager.RedisEnterpriseCache,1.0.0-beta.1
azureresourcemanagerrelay,[customSource=https://pkgs.dev.azure.com/azure-sdk/public/_packaging/azure-sdk-for-net/nuget/v3/index.json;tfm=netstandard2.0;isPrerelease=true]Azure.ResourceManager.Relay,1.2.0-alpha.20230918.1
azureresourcemanagerreservations,[customSource=https://pkgs.dev.azure.com/azure-sdk/public/_packaging/azure-sdk-for-net/nuget/v3/index.json;tfm=netstandard2.0;isPrerelease=true]Azure.ResourceManager.Reservations,1.4.0-alpha.20230918.1
azureresourcemanagerresourceconnector,[tfm=netstandard2.0;isPrerelease=true]Azure.ResourceManager.ResourceConnector,1.0.0-beta.1
azureresourcemanagerresourcegraph,[customSource=https://pkgs.dev.azure.com/azure-sdk/public/_packaging/azure-sdk-for-net/nuget/v3/index.json;tfm=netstandard2.0;isPrerelease=true]Azure.ResourceManager.ResourceGraph,1.1.0-alpha.20230918.1
azureresourcemanagerresourcehealth,[tfm=netstandard2.0;isPrerelease=true;customSource=https://pkgs.dev.azure.com/azure-sdk/public/_packaging/azure-sdk-for-net/nuget/v3/index.json]Azure.ResourceManager.ResourceHealth,1.1.0-alpha.20230918.1
azureresourcemanagerresourcemover,[tfm=netstandard2.0;isPrerelease=true]Azure.ResourceManager.ResourceMover,1.1.0-beta.1
azureresourcemanagerresources,[customSource=https://pkgs.dev.azure.com/azure-sdk/public/_packaging/azure-sdk-for-net/nuget/v3/index.json;tfm=netstandard2.0;isPrerelease=true]Azure.ResourceManager.Resources,1.7.0-alpha.20230918.1
azureresourcemanagersearch,[customSource=https://pkgs.dev.azure.com/azure-sdk/public/_packaging/azure-sdk-for-net/nuget/v3/index.json;tfm=netstandard2.0;isPrerelease=true]Azure.ResourceManager.Search,1.2.0-alpha.20230918.1
azureresourcemanagersecuritycenter,[tfm=netstandard2.0;isPrerelease=true]Azure.ResourceManager.SecurityCenter,1.2.0-beta.3
azureresourcemanagersecuritydevops,[customSource=https://pkgs.dev.azure.com/azure-sdk/public/_packaging/azure-sdk-for-net/nuget/v3/index.json;tfm=netstandard2.0;isPrerelease=true]Azure.ResourceManager.SecurityDevOps,1.0.0-alpha.20230918.1
azureresourcemanagersecurityinsights,[customSource=https://pkgs.dev.azure.com/azure-sdk/public/_packaging/azure-sdk-for-net/nuget/v3/index.json;tfm=netstandard2.0;isPrerelease=true]Azure.ResourceManager.SecurityInsights,1.1.0-alpha.20230918.1
azureresourcemanagerselfhelp,[tfm=netstandard2.0;isPrerelease=true]Azure.ResourceManager.SelfHelp,1.0.0-beta.1
azureresourcemanagerservicebus,[customSource=https://pkgs.dev.azure.com/azure-sdk/public/_packaging/azure-sdk-for-net/nuget/v3/index.json;tfm=netstandard2.0;isPrerelease=true]Azure.ResourceManager.ServiceBus,1.1.0-alpha.20230918.1
azureresourcemanagerservicefabric,[customSource=https://pkgs.dev.azure.com/azure-sdk/public/_packaging/azure-sdk-for-net/nuget/v3/index.json;tfm=netstandard2.0;isPrerelease=true]Azure.ResourceManager.ServiceFabric,1.1.0-alpha.20230918.1
azureresourcemanagerservicefabricmanagedclusters,[tfm=netstandard2.0;isPrerelease=true]Azure.ResourceManager.ServiceFabricManagedClusters,1.1.0-beta.2
azureresourcemanagerservicelinker,[customSource=https://pkgs.dev.azure.com/azure-sdk/public/_packaging/azure-sdk-for-net/nuget/v3/index.json;tfm=netstandard2.0;isPrerelease=true]Azure.ResourceManager.ServiceLinker,1.1.0-alpha.20230918.1
azureresourcemanagerservicenetworking,[tfm=netstandard2.0;isPrerelease=true]Azure.ResourceManager.ServiceNetworking,1.0.0-beta.2
azureresourcemanagersignalr,[customSource=https://pkgs.dev.azure.com/azure-sdk/public/_packaging/azure-sdk-for-net/nuget/v3/index.json;tfm=netstandard2.0;isPrerelease=true]Azure.ResourceManager.SignalR,1.1.0-alpha.20230918.1
azureresourcemanagersphere,[tfm=netstandard2.0;isPrerelease=true;customSource=https://pkgs.dev.azure.com/azure-sdk/public/_packaging/azure-sdk-for-net/nuget/v3/index.json]Azure.ResourceManager.Sphere,1.0.0-alpha.20230918.1
azureresourcemanagersql,[customSource=https://pkgs.dev.azure.com/azure-sdk/public/_packaging/azure-sdk-for-net/nuget/v3/index.json;tfm=netstandard2.0;isPrerelease=true]Azure.ResourceManager.Sql,1.3.0-alpha.20230918.1
azureresourcemanagersqlvirtualmachine,[tfm=netstandard2.0;isPrerelease=true]Azure.ResourceManager.SqlVirtualMachine,1.1.0-beta.1
azureresourcemanagerstorage,[tfm=netstandard2.0;isPrerelease=true]Azure.ResourceManager.Storage,1.2.0-beta.2
azureresourcemanagerstoragecache,[customSource=https://pkgs.dev.azure.com/azure-sdk/public/_packaging/azure-sdk-for-net/nuget/v3/index.json;tfm=netstandard2.0;isPrerelease=true]Azure.ResourceManager.StorageCache,1.2.0-alpha.20230918.1
azureresourcemanagerstoragemover,[customSource=https://pkgs.dev.azure.com/azure-sdk/public/_packaging/azure-sdk-for-net/nuget/v3/index.json;tfm=netstandard2.0;isPrerelease=true]Azure.ResourceManager.StorageMover,1.1.0-alpha.20230918.1
azureresourcemanagerstoragepool,[tfm=netstandard2.0;isPrerelease=true]Azure.ResourceManager.StoragePool,1.1.0-beta.1
azureresourcemanagerstoragesync,[customSource=https://pkgs.dev.azure.com/azure-sdk/public/_packaging/azure-sdk-for-net/nuget/v3/index.json;tfm=netstandard2.0;isPrerelease=true]Azure.ResourceManager.StorageSync,1.2.0-alpha.20230918.1
azureresourcemanagerstreamanalytics,[customSource=https://pkgs.dev.azure.com/azure-sdk/public/_packaging/azure-sdk-for-net/nuget/v3/index.json;tfm=netstandard2.0;isPrerelease=true]Azure.ResourceManager.StreamAnalytics,1.2.0-alpha.20230918.1
azureresourcemanagersubscription,[tfm=netstandard2.0;isPrerelease=true]Azure.ResourceManager.Subscription,1.1.0-beta.1
azureresourcemanagersupport,[tfm=netstandard2.0;isPrerelease=true]Azure.ResourceManager.Support,1.1.0-beta.1
azureresourcemanagersynapse,[customSource=https://pkgs.dev.azure.com/azure-sdk/public/_packaging/azure-sdk-for-net/nuget/v3/index.json;tfm=netstandard2.0;isPrerelease=true]Azure.ResourceManager.Synapse,1.2.0-alpha.20230918.1
azureresourcemanagertrafficmanager,[customSource=https://pkgs.dev.azure.com/azure-sdk/public/_packaging/azure-sdk-for-net/nuget/v3/index.json;tfm=netstandard2.0;isPrerelease=true]Azure.ResourceManager.TrafficManager,1.2.0-alpha.20230918.1
azureresourcemanagervoiceservices,[tfm=netstandard2.0;isPrerelease=true;customSource=https://pkgs.dev.azure.com/azure-sdk/public/_packaging/azure-sdk-for-net/nuget/v3/index.json]Azure.ResourceManager.VoiceServices,1.1.0-alpha.20230918.1
azureresourcemanagerwebpubsub,[tfm=netstandard2.0;isPrerelease=true]Azure.ResourceManager.WebPubSub,1.1.0-beta.1
azureresourcemanagerworkloadmonitor,[customSource=https://pkgs.dev.azure.com/azure-sdk/public/_packaging/azure-sdk-for-net/nuget/v3/index.json;tfm=netstandard2.0;isPrerelease=true]Azure.ResourceManager.WorkloadMonitor,1.0.0-alpha.20230918.1
azureresourcemanagerworkloads,[customSource=https://pkgs.dev.azure.com/azure-sdk/public/_packaging/azure-sdk-for-net/nuget/v3/index.json;tfm=netstandard2.0;isPrerelease=true]Azure.ResourceManager.Workloads,1.1.0-alpha.20230918.1
azuresearchdocuments,[customSource=https://pkgs.dev.azure.com/azure-sdk/public/_packaging/azure-sdk-for-net/nuget/v3/index.json;tfm=netstandard2.0;isPrerelease=true]Azure.Search.Documents,11.5.0-alpha.20230918.1
azuresecurityconfidentialledger,[tfm=netstandard2.0;isPrerelease=true]Azure.Security.ConfidentialLedger,1.1.0-beta.1
azuresecuritykeyvaultadministration,[customSource=https://pkgs.dev.azure.com/azure-sdk/public/_packaging/azure-sdk-for-net/nuget/v3/index.json;tfm=netstandard2.0;isPrerelease=true]Azure.Security.KeyVault.Administration,4.4.0-alpha.20230918.1
azuresecuritykeyvaultcertificates,[customSource=https://pkgs.dev.azure.com/azure-sdk/public/_packaging/azure-sdk-for-net/nuget/v3/index.json;tfm=netstandard2.0;isPrerelease=true]Azure.Security.KeyVault.Certificates,4.6.0-alpha.20230918.1
azuresecuritykeyvaultkeys,[customSource=https://pkgs.dev.azure.com/azure-sdk/public/_packaging/azure-sdk-for-net/nuget/v3/index.json;tfm=netstandard2.0;isPrerelease=true]Azure.Security.KeyVault.Keys,4.6.0-alpha.20230918.1
azuresecuritykeyvaultsecrets,[customSource=https://pkgs.dev.azure.com/azure-sdk/public/_packaging/azure-sdk-for-net/nuget/v3/index.json;tfm=netstandard2.0;isPrerelease=true]Azure.Security.KeyVault.Secrets,4.6.0-alpha.20230918.1
azurestorageblobs,[tfm=netstandard2.0;isPrerelease=true]Azure.Storage.Blobs,12.18.0-beta.1
azurestorageblobsbatch,[tfm=netstandard2.0;isPrerelease=true]Azure.Storage.Blobs.Batch,12.15.0-beta.1
azurestorageblobschangefeed,[tfm=netstandard2.0;isPrerelease=true]Azure.Storage.Blobs.ChangeFeed,12.0.0-preview.38
azurestoragecommon,[tfm=netstandard2.0;isPrerelease=true]Azure.Storage.Common,12.17.0-beta.1
azurestoragedatamovement,[tfm=netstandard2.0;isPrerelease=true]Azure.Storage.DataMovement,12.0.0-beta.3
azurestoragedatamovementblobs,[tfm=netstandard2.0;isPrerelease=true]Azure.Storage.DataMovement.Blobs,12.0.0-beta.3
azurestoragefilesdatalake,[tfm=netstandard2.0;isPrerelease=true]Azure.Storage.Files.DataLake,12.16.0-beta.1
azurestoragefilesshares,[tfm=netstandard2.0;isPrerelease=true]Azure.Storage.Files.Shares,12.16.0-beta.1
azurestoragequeues,[tfm=netstandard2.0;isPrerelease=true]Azure.Storage.Queues,12.16.0-beta.1
azuretemplate,[customSource=https://pkgs.dev.azure.com/azure-sdk/public/_packaging/azure-sdk-for-net/nuget/v3/index.json;tfm=netstandard2.0;isPrerelease=true]Azure.Template,1.0.3-alpha.20230918.2
azureverticalsagrifoodfarming,[tfm=netstandard2.0;isPrerelease=true]Azure.Verticals.AgriFood.Farming,1.0.0-beta.2
microsoftapplicationinsights,[isPrerelease=true;tfm=netstandard2.0]Microsoft.ApplicationInsights,2.22.0-beta2
microsoftazureapplicationinsights,[tfm=netstandard2.0;isPrerelease=true]Microsoft.Azure.ApplicationInsights,0.9.0-preview
microsoftazurebatch,[tfm=netstandard2.0;isPrerelease=true;customSource=https://pkgs.dev.azure.com/azure-sdk/public/_packaging/azure-sdk-for-net/nuget/v3/index.json]Microsoft.Azure.Batch,16.1.0-alpha.20230918.1
microsoftazurebatchconventionsfiles,[tfm=netstandard2.0;isPrerelease=true;customSource=https://pkgs.dev.azure.com/azure-sdk/public/_packaging/azure-sdk-for-net/nuget/v3/index.json]Microsoft.Azure.Batch.Conventions.Files,4.1.0-alpha.20230918.1
microsoftazurebatchfilestaging,[tfm=netstandard2.0;isPrerelease=true;customSource=https://pkgs.dev.azure.com/azure-sdk/public/_packaging/azure-sdk-for-net/nuget/v3/index.json]Microsoft.Azure.Batch.FileStaging,9.1.0-alpha.20230918.1
microsoftazurecognitiveservicesanomalydetector,[tfm=netstandard2.0;isPrerelease=true;customSource=https://pkgs.dev.azure.com/azure-sdk/public/_packaging/azure-sdk-for-net/nuget/v3/index.json]Microsoft.Azure.CognitiveServices.AnomalyDetector,1.1.0-alpha.20230918.1
microsoftazurecognitiveservicesknowledgeqnamaker,[tfm=netstandard2.0;isPrerelease=true;customSource=https://pkgs.dev.azure.com/azure-sdk/public/_packaging/azure-sdk-for-net/nuget/v3/index.json]Microsoft.Azure.CognitiveServices.Knowledge.QnAMaker,3.0.0-alpha.20230918.1
microsoftazurecognitiveserviceslanguageluisauthoring,[customSource=https://pkgs.dev.azure.com/azure-sdk/public/_packaging/azure-sdk-for-net/nuget/v3/index.json;tfm=netstandard2.0;isPrerelease=true]Microsoft.Azure.CognitiveServices.Language.LUIS.Authoring,3.2.0-alpha.20230918.1
microsoftazurecognitiveserviceslanguageluisruntime,[customSource=https://pkgs.dev.azure.com/azure-sdk/public/_packaging/azure-sdk-for-net/nuget/v3/index.json;tfm=netstandard2.0;isPrerelease=true]Microsoft.Azure.CognitiveServices.Language.LUIS.Runtime,3.1.0-alpha.20230918.1
microsoftazurecognitiveserviceslanguagespellcheck,[customSource=https://pkgs.dev.azure.com/azure-sdk/public/_packaging/azure-sdk-for-net/nuget/v3/index.json;tfm=netstandard2.0;isPrerelease=true]Microsoft.Azure.CognitiveServices.Language.SpellCheck,4.1.0-alpha.20230918.1
microsoftazurecognitiveserviceslanguagetextanalytics,[tfm=netstandard2.0;isPrerelease=true;customSource=https://pkgs.dev.azure.com/azure-sdk/public/_packaging/azure-sdk-for-net/nuget/v3/index.json]Microsoft.Azure.CognitiveServices.Language.TextAnalytics,4.1.0-alpha.20230918.1
microsoftazurecognitiveservicespersonalizer,[tfm=netstandard2.0;isPrerelease=true;customSource=https://pkgs.dev.azure.com/azure-sdk/public/_packaging/azure-sdk-for-net/nuget/v3/index.json]Microsoft.Azure.CognitiveServices.Personalizer,1.0.0-alpha.20230918.1
microsoftazurecognitiveservicessearchbingautosuggest,[tfm=netstandard2.0;isPrerelease=true;customSource=https://pkgs.dev.azure.com/azure-sdk/public/_packaging/azure-sdk-for-net/nuget/v3/index.json]Microsoft.Azure.CognitiveServices.Search.BingAutoSuggest,2.1.0-alpha.20230918.1
microsoftazurecognitiveservicessearchbingcustomimagesearch,[tfm=netstandard2.0;isPrerelease=true;customSource=https://pkgs.dev.azure.com/azure-sdk/public/_packaging/azure-sdk-for-net/nuget/v3/index.json]Microsoft.Azure.CognitiveServices.Search.BingCustomImageSearch,2.1.0-alpha.20230918.1
microsoftazurecognitiveservicessearchbingcustomsearch,[tfm=netstandard2.0;isPrerelease=true;customSource=https://pkgs.dev.azure.com/azure-sdk/public/_packaging/azure-sdk-for-net/nuget/v3/index.json]Microsoft.Azure.CognitiveServices.Search.BingCustomSearch,2.1.0-alpha.20230918.1
microsoftazurecognitiveservicessearchbingentitysearch,[tfm=netstandard2.0;isPrerelease=true;customSource=https://pkgs.dev.azure.com/azure-sdk/public/_packaging/azure-sdk-for-net/nuget/v3/index.json]Microsoft.Azure.CognitiveServices.Search.BingEntitySearch,2.1.0-alpha.20230918.1
microsoftazurecognitiveservicessearchbingimagesearch,[tfm=netstandard2.0;isPrerelease=true;customSource=https://pkgs.dev.azure.com/azure-sdk/public/_packaging/azure-sdk-for-net/nuget/v3/index.json]Microsoft.Azure.CognitiveServices.Search.BingImageSearch,2.1.0-alpha.20230918.1
microsoftazurecognitiveservicessearchbinglocalsearch,[tfm=netstandard2.0;isPrerelease=true;customSource=https://pkgs.dev.azure.com/azure-sdk/public/_packaging/azure-sdk-for-net/nuget/v3/index.json]Microsoft.Azure.CognitiveServices.Search.BingLocalSearch,1.0.0-alpha.20230918.1
microsoftazurecognitiveservicessearchbingnewssearch,[tfm=netstandard2.0;isPrerelease=true;customSource=https://pkgs.dev.azure.com/azure-sdk/public/_packaging/azure-sdk-for-net/nuget/v3/index.json]Microsoft.Azure.CognitiveServices.Search.BingNewsSearch,2.1.0-alpha.20230918.1
microsoftazurecognitiveservicessearchbingvideosearch,[tfm=netstandard2.0;isPrerelease=true;customSource=https://pkgs.dev.azure.com/azure-sdk/public/_packaging/azure-sdk-for-net/nuget/v3/index.json]Microsoft.Azure.CognitiveServices.Search.BingVideoSearch,2.1.0-alpha.20230918.1
microsoftazurecognitiveservicessearchbingvisualsearch,[tfm=netstandard2.0;isPrerelease=true;customSource=https://pkgs.dev.azure.com/azure-sdk/public/_packaging/azure-sdk-for-net/nuget/v3/index.json]Microsoft.Azure.CognitiveServices.Search.BingVisualSearch,2.1.0-alpha.20230918.1
microsoftazurecognitiveservicessearchbingwebsearch,[tfm=netstandard2.0;isPrerelease=true;customSource=https://pkgs.dev.azure.com/azure-sdk/public/_packaging/azure-sdk-for-net/nuget/v3/index.json]Microsoft.Azure.CognitiveServices.Search.BingWebSearch,2.1.0-alpha.20230918.1
microsoftazurecognitiveservicesvisioncomputervision,[tfm=netstandard2.0;isPrerelease=true;customSource=https://pkgs.dev.azure.com/azure-sdk/public/_packaging/azure-sdk-for-net/nuget/v3/index.json]Microsoft.Azure.CognitiveServices.Vision.ComputerVision,7.1.0-alpha.20230918.1
microsoftazurecognitiveservicesvisioncontentmoderator,[tfm=netstandard2.0;isPrerelease=true;customSource=https://pkgs.dev.azure.com/azure-sdk/public/_packaging/azure-sdk-for-net/nuget/v3/index.json]Microsoft.Azure.CognitiveServices.Vision.ContentModerator,2.1.0-alpha.20230918.1
microsoftazurecognitiveservicesvisioncustomvisionprediction,[tfm=netstandard2.0;isPrerelease=true;customSource=https://pkgs.dev.azure.com/azure-sdk/public/_packaging/azure-sdk-for-net/nuget/v3/index.json]Microsoft.Azure.CognitiveServices.Vision.CustomVision.Prediction,2.0.0-alpha.20230918.1
microsoftazurecognitiveservicesvisioncustomvisiontraining,[customSource=https://pkgs.dev.azure.com/azure-sdk/public/_packaging/azure-sdk-for-net/nuget/v3/index.json;tfm=netstandard2.0;isPrerelease=true]Microsoft.Azure.CognitiveServices.Vision.CustomVision.Training,2.1.0-alpha.20230918.1
microsoftazurecognitiveservicesvisionface,[customSource=https://pkgs.dev.azure.com/azure-sdk/public/_packaging/azure-sdk-for-net/nuget/v3/index.json;tfm=netstandard2.0;isPrerelease=true]Microsoft.Azure.CognitiveServices.Vision.Face,2.7.0-alpha.20230918.1
microsoftazurecorenewtonsoftjson,[tfm=netstandard2.0;isPrerelease=true;customSource=https://pkgs.dev.azure.com/azure-sdk/public/_packaging/azure-sdk-for-net/nuget/v3/index.json]Microsoft.Azure.Core.NewtonsoftJson,1.1.0-alpha.20230918.2
microsoftazurecorespatial,[customSource=https://pkgs.dev.azure.com/azure-sdk/public/_packaging/azure-sdk-for-net/nuget/v3/index.json;tfm=netstandard2.0;isPrerelease=true]Microsoft.Azure.Core.Spatial,1.2.0-alpha.20230918.2
microsoftazurecorespatialnewtonsoftjson,[customSource=https://pkgs.dev.azure.com/azure-sdk/public/_packaging/azure-sdk-for-net/nuget/v3/index.json;tfm=netstandard2.0;isPrerelease=true]Microsoft.Azure.Core.Spatial.NewtonsoftJson,1.1.0-alpha.20230918.2
microsoftazurecosmosdbbulkexecutor,[tfm=netstandard2.0;isPrerelease=true]Microsoft.Azure.CosmosDB.BulkExecutor,2.5.1-preview
microsoftazuredataschemaregistryapacheavro,[customSource=https://pkgs.dev.azure.com/azure-sdk/public/_packaging/azure-sdk-for-net/nuget/v3/index.json;tfm=netstandard2.0;isPrerelease=true]Microsoft.Azure.Data.SchemaRegistry.ApacheAvro,1.1.0-alpha.20230918.1
microsoftazuredatalakestore,[tfm=netstandard2.0;isPrerelease=true]Microsoft.Azure.DataLake.Store,1.2.5-alpha
microsoftazuredevices,[tfm=netstandard2.0;isPrerelease=true]Microsoft.Azure.Devices,2.0.0-preview002
microsoftazuredevicesclient,[tfm=netstandard2.0;isPrerelease=true]Microsoft.Azure.Devices.Client,2.0.0-preview002
microsoftazuredevicesprovisioningclient,[tfm=netstandard2.0;isPrerelease=true]Microsoft.Azure.Devices.Provisioning.Client,2.0.0-preview002
microsoftazuredevicesprovisioningsecuritytpm,[tfm=netstandard2.0;isPrerelease=true]Microsoft.Azure.Devices.Provisioning.Security.Tpm,1.15.0-preview-001
microsoftazuredevicesprovisioningservice,[tfm=netstandard2.0;isPrerelease=true]Microsoft.Azure.Devices.Provisioning.Service,2.0.0-preview002
microsoftazuredevicesprovisioningtransportamqp,[tfm=netstandard2.0;isPrerelease=true]Microsoft.Azure.Devices.Provisioning.Transport.Amqp,1.17.0-preview-001
microsoftazuredevicesprovisioningtransporthttp,[tfm=netstandard2.0;isPrerelease=true]Microsoft.Azure.Devices.Provisioning.Transport.Http,1.16.0-preview-001
microsoftazuredevicesprovisioningtransportmqtt,[tfm=netstandard2.0;isPrerelease=true]Microsoft.Azure.Devices.Provisioning.Transport.Mqtt,1.18.0-preview-001
microsoftazuredevicesshared,[tfm=netstandard2.0;isPrerelease=true]Microsoft.Azure.Devices.Shared,1.31.0-preview-001
microsoftazureeventhubs,[tfm=netstandard2.0;isPrerelease=true;customSource=https://pkgs.dev.azure.com/azure-sdk/public/_packaging/azure-sdk-for-net/nuget/v3/index.json]Microsoft.Azure.EventHubs,4.4.0-alpha.20230918.1
microsoftazureeventhubsprocessor,[tfm=netstandard2.0;isPrerelease=true;customSource=https://pkgs.dev.azure.com/azure-sdk/public/_packaging/azure-sdk-for-net/nuget/v3/index.json]Microsoft.Azure.EventHubs.Processor,4.4.0-alpha.20230918.1
microsoftazureeventhubsservicefabricprocessor,[tfm=netstandard2.0;isPrerelease=true;customSource=https://pkgs.dev.azure.com/azure-sdk/public/_packaging/azure-sdk-for-net/nuget/v3/index.json]Microsoft.Azure.EventHubs.ServiceFabricProcessor,0.5.6-alpha.20230918.1
microsoftazurefunctionsworker,[tfm=netstandard2.0;isPrerelease=true]Microsoft.Azure.Functions.Worker,1.11.0-preview2
microsoftazurefunctionsworkerextensionswebpubsub,[tfm=netstandard2.0;isPrerelease=true;customSource=https://pkgs.dev.azure.com/azure-sdk/public/_packaging/azure-sdk-for-net/nuget/v3/index.json]Microsoft.Azure.Functions.Worker.Extensions.WebPubSub,1.7.0-alpha.20230918.1
microsoftazurehdinsightjob,[customSource=https://pkgs.dev.azure.com/azure-sdk/public/_packaging/azure-sdk-for-net/nuget/v3/index.json;tfm=netstandard2.0;isPrerelease=true]Microsoft.Azure.HDInsight.Job,3.0.0-alpha.20230918.1
microsoftazureiotdigitaltwinmodel,[tfm=netstandard2.0;isPrerelease=true]Microsoft.Azure.IoT.DigitalTwin.Model,1.0.12-preview
microsoftazuremanagementchaos,[tfm=netstandard2.0;isPrerelease=true]Microsoft.Azure.Management.Chaos,0.9.15-preview
microsoftazuremanagementdeviceupdate,[tfm=netstandard2.0;isPrerelease=true]Microsoft.Azure.Management.DeviceUpdate,1.0.0-beta.1
microsoftazuremanagementmaintenance,[tfm=netstandard2.0;isPrerelease=true]Microsoft.Azure.Management.Maintenance,1.5.0-preview
microsoftazuremanagementpurview,[tfm=netstandard2.0;isPrerelease=true]Microsoft.Azure.Management.Purview,1.0.1
microsoftazuremedialivevideoanalyticsedge,[tfm=netstandard2.0;isPrerelease=true]Microsoft.Azure.Media.LiveVideoAnalytics.Edge,1.0.4-preview.1
microsoftazuremessagingeventgridcloudnativecloudevents,[tfm=netstandard2.0;isPrerelease=true;customSource=https://pkgs.dev.azure.com/azure-sdk/public/_packaging/azure-sdk-for-net/nuget/v3/index.json]Microsoft.Azure.Messaging.EventGrid.CloudNativeCloudEvents,1.1.0-alpha.20230918.1
microsoftazurerelay,[tfm=netstandard2.0;isPrerelease=true]Microsoft.Azure.Relay,3.0.0-preview
microsoftazureservicebus,[tfm=netstandard2.0;isPrerelease=true;customSource=https://pkgs.dev.azure.com/azure-sdk/public/_packaging/azure-sdk-for-net/nuget/v3/index.json]Microsoft.Azure.ServiceBus,5.3.0-alpha.20230918.1
microsoftazuresynapse,[tfm=netstandard2.0;isPrerelease=true]Microsoft.Azure.Synapse,0.1.0-preview
microsoftazurewebjobsextensionsauthenticationevents,[customSource=https://pkgs.dev.azure.com/azure-sdk/public/_packaging/azure-sdk-for-net/nuget/v3/index.json;tfm=netstandard2.0;isPrerelease=true]Microsoft.Azure.WebJobs.Extensions.AuthenticationEvents,1.0.0-alpha.20230918.1
microsoftazurewebjobsextensionsclients,[tfm=netstandard2.0;isPrerelease=true;customSource=https://pkgs.dev.azure.com/azure-sdk/public/_packaging/azure-sdk-for-net/nuget/v3/index.json]Microsoft.Azure.WebJobs.Extensions.Clients,1.0.0-alpha.20230918.1
microsoftazurewebjobsextensionseventgrid,[customSource=https://pkgs.dev.azure.com/azure-sdk/public/_packaging/azure-sdk-for-net/nuget/v3/index.json;tfm=netstandard2.0;isPrerelease=true]Microsoft.Azure.WebJobs.Extensions.EventGrid,3.4.0-alpha.20230918.1
microsoftazurewebjobsextensionseventhubs,[tfm=netstandard2.0;isPrerelease=true;customSource=https://pkgs.dev.azure.com/azure-sdk/public/_packaging/azure-sdk-for-net/nuget/v3/index.json]Microsoft.Azure.WebJobs.Extensions.EventHubs,6.1.0-alpha.20230918.1
microsoftazurewebjobsextensionsservicebus,[tfm=netstandard2.0;isPrerelease=true;customSource=https://pkgs.dev.azure.com/azure-sdk/public/_packaging/azure-sdk-for-net/nuget/v3/index.json]Microsoft.Azure.WebJobs.Extensions.ServiceBus,5.13.0-alpha.20230918.1
microsoftazurewebjobsextensionssignalrservice,[tfm=netstandard2.0;isPrerelease=true]Microsoft.Azure.WebJobs.Extensions.SignalRService,1.7.0-beta.2
microsoftazurewebjobsextensionsstorage,[tfm=netstandard2.0;isPrerelease=true]Microsoft.Azure.WebJobs.Extensions.Storage,5.1.0-beta.1
microsoftazurewebjobsextensionsstorageblobs,[tfm=netstandard2.0;isPrerelease=true]Microsoft.Azure.WebJobs.Extensions.Storage.Blobs,5.1.0-beta.1
microsoftazurewebjobsextensionsstoragequeues,[tfm=netstandard2.0;isPrerelease=true]Microsoft.Azure.WebJobs.Extensions.Storage.Queues,5.1.0-beta.1
microsoftazurewebjobsextensionstables,[customSource=https://pkgs.dev.azure.com/azure-sdk/public/_packaging/azure-sdk-for-net/nuget/v3/index.json;tfm=netstandard2.0;isPrerelease=true]Microsoft.Azure.WebJobs.Extensions.Tables,1.3.0-alpha.20230918.1
microsoftazurewebjobsextensionswebpubsub,[customSource=https://pkgs.dev.azure.com/azure-sdk/public/_packaging/azure-sdk-for-net/nuget/v3/index.json;tfm=netstandard2.0;isPrerelease=true]Microsoft.Azure.WebJobs.Extensions.WebPubSub,1.8.0-alpha.20230918.1
microsoftazurewebpubsubaspnetcore,[customSource=https://pkgs.dev.azure.com/azure-sdk/public/_packaging/azure-sdk-for-net/nuget/v3/index.json;tfm=netstandard2.0;isPrerelease=true]Microsoft.Azure.WebPubSub.AspNetCore,1.3.0-alpha.20230918.1
microsoftazurewebpubsubcommon,[customSource=https://pkgs.dev.azure.com/azure-sdk/public/_packaging/azure-sdk-for-net/nuget/v3/index.json;tfm=netstandard2.0;isPrerelease=true]Microsoft.Azure.WebPubSub.Common,1.3.0-alpha.20230918.1
microsoftcognitiveservicesspeech,[tfm=netstandard2.0;isPrerelease=true]Microsoft.CognitiveServices.Speech,1.25.1-beta.1
microsoftextensionsazure,[tfm=netstandard2.0;isPrerelease=true;customSource=https://pkgs.dev.azure.com/azure-sdk/public/_packaging/azure-sdk-for-net/nuget/v3/index.json]Microsoft.Extensions.Azure,1.8.0-alpha.20230918.1
microsoftextensionsconfigurationazureappconfiguration,[tfm=netstandard2.0;isPrerelease=true]Microsoft.Extensions.Configuration.AzureAppConfiguration,5.3.0-preview
microsoftfeaturemanagement,[tfm=netstandard2.0;isPrerelease=true]Microsoft.FeatureManagement,3.0.0-preview
microsoftfeaturemanagementaspnetcore,[tfm=netstandard2.0;isPrerelease=true]Microsoft.FeatureManagement.AspNetCore,3.0.0-preview
systemmemorydata,[tfm=netstandard2.0;isPrerelease=true;customSource=https://pkgs.dev.azure.com/azure-sdk/public/_packaging/azure-sdk-for-net/nuget/v3/index.json]System.Memory.Data,1.1.0-alpha.20230918.2
